year,date,name,code,region,value,color,source,confidence,notes
2026,2026-06-17,MrBeast,MRB,United States,502000000,#00A7FF,SocialBlade profile,observed_rounded,Public subscriber counts are rounded
2026,2026-06-17,T-Series,TSR,India,312000000,#FF3B30,SocialBlade profile,observed_rounded,Public subscriber counts are rounded
2026,2026-06-17,Vlad and Niki,VNK,Russia / United States,150000000,#FFB000,SocialBlade profile,observed_rounded,Default slash-choice candidate
2026,2026-06-17,Stokes Twins,STK,United States,140000000,#7C3AED,SocialBlade profile,observed_rounded,Public subscriber counts are rounded
2026,2026-06-17,KimPro KIMPRO,KIM,South Korea,133000000,#22C55E,SocialBlade profile,observed_rounded,Display title is 김프로KIMPRO
2026,2026-06-17,PewDiePie,PDP,Sweden / Japan,110000000,#E11D48,SocialBlade profile,observed_rounded,Public subscriber counts are rounded
2026,2026-06-17,Alan's Universe,ALN,United States,101000000,#14B8A6,SocialBlade profile,observed_rounded,SocialBlade handle is @alanchikinchow
2026,2026-06-17,A4,A4,Belarus / Russian-language,92600000,#F97316,SocialBlade profile,observed_rounded,Also known as Vlad A4
2026,2026-06-17,Mark Rober,RBR,United States,78500000,#2563EB,SocialBlade profile,observed_rounded,Public subscriber counts are rounded
2026,2026-06-17,Dude Perfect,DPF,United States,62300000,#84CC16,SocialBlade profile,observed_rounded,Public subscriber counts are rounded
2026,2026-06-17,Like Nastya,LNS,Russia / United States,132000000,#EC4899,SocialBlade profile,observed_rounded,Alternate slash-choice candidate
